url,doc_id,title,audience,category,language,document_version,license_or_permission
https://help.etsy.com/hc/en-us/articles/4402660818583-How-to-Get-Help-with-An-Order,buyer-help-order,How to Get Help with An Order,buyer,order-support,en,not-stated,public-source
https://help.etsy.com/hc/en-us/articles/360000572888-Refunds-Returns-and-Exchanges-for-Sellers,seller-returns-refunds,Refunds Returns and Exchanges for Sellers,seller,returns-refunds,en,not-stated,public-source
https://help.etsy.com/hc/en-us/articles/360002089188-How-to-Issue-a-Full-or-Partial-Refund-For-an-Order,seller-issue-refund,How to Issue a Full or Partial Refund For an Order,seller,refunds,en,not-stated,public-source
https://help.etsy.com/hc/en-us/articles/5745586898199-How-to-Open-a-Case,buyer-open-case,How to Open a Case,buyer,case-dispute,en,not-stated,public-source
https://help.etsy.com/hc/en-us/articles/360016126873-How-to-Resolve-a-Case-from-a-Buyer,seller-resolve-case,How to Resolve a Case from a Buyer,seller,case-dispute,en,not-stated,public-source
https://help.etsy.com/hc/en-us/articles/360020601674-What-is-an-Estimated-Delivery-Date,buyer-estimated-delivery,What is an Estimated Delivery Date,buyer,delivery,en,not-stated,public-source
https://help.etsy.com/hc/en-us/articles/7471925990807-Etsy-s-Purchase-Protection-Program,buyer-purchase-protection,Etsy Purchase Protection Program,buyer,purchase-protection,en,not-stated,public-source
https://help.etsy.com/hc/en-us/articles/5850122619287-What-is-Etsy-s-Purchase-Protection-for-Sellers,seller-purchase-protection,Purchase Protection for Sellers,seller,purchase-protection,en,not-stated,public-source
https://help.etsy.com/hc/en-us/articles/7869401615255-How-do-I-Set-Return-Policies-on-My-Listings,seller-set-return-policy,How do I Set Return Policies on My Listings,seller,returns-policy,en,not-stated,public-source
